0611223344,0620406080,HI NOUHAILA
0620406080,0611223344,SLT ISMAIL
0611223344,0620406080,CV BIEN
0620406080,0611223344,CV TOI
0620406080,0610203040,BONJOUR SOUFAIN
0620406080,0611223344,CV BKHR ELIK
0611223344,0620406080,OUI CV TRANQUILLE
0620406080,0611223344,HI ISMAIL
0611223344,0620406080,HI CV
0620406080,0610203040,HI SOUFAIN
0611223344,0620406080,BONJOUR 
0620406080,0611223344,CV 
0611223344,0620406080,OUI CV BIEN ET TOI
0611223344,0620406080,TU ES CV 
0611223344,0620406080,HI
0620406080,0611223344,CV 
0611223344,0620406080,OUI CV BIEN 
